vault_id,user_id,type_id,site_name,username,encrypted_password,notes,last_updated,created_at
1,82,2,Chase,ericrodriguez@example.org,b9bc1fbe337b687c29ba144c6106b9f993ce13acf9eabe38fe28c070797b864b,,2026-05-15 22:15:44,2026-05-15 22:13:31
2,52,2,GitHub,terry56@example.org,a73933b3b24b67dace6db6bbca2a69a34e0d41c042a47958b4666f7a70eb362b,Step executive machine various by risk.,2026-05-15 22:16:50,2026-05-15 22:15:02
3,74,1,Chase,bryanschneider@example.org,38ac68a040f27234f2d92e5142c968019d454e0c436f16c237ba5fa2cecf7cc5,Page person perhaps answer.,2026-05-15 22:17:34,2026-05-15 22:14:46
4,70,1,Amazon,meredith46@example.org,631497376d343f012f0c123d496d2afc016ed7aa426ab81d1721d00a357ea973,Coach democratic soon arm.,2026-05-15 22:15:13,2026-05-15 22:13:19
5,36,1,Amazon,clarkkayla@example.com,87f438dcfd80b3583e1e54a1716d40d39ac8f38cca645d7cee39776fbed1e960,,2026-05-15 22:16:38,2026-05-15 22:14:08
6,1,3,Facebook,daniellebecker@example.org,d4cf3f80235351a9d9fde3411fdf5ccf982df92543cb29ed767062e557ad6ab6,,2026-05-15 22:16:20,2026-05-15 22:13:35
7,28,1,Google,charlesdawson@example.org,c40b46daa8145f305eee0acd490835a5a73eaddd3300baa0c9319b46da3e4c57,,2026-05-15 22:15:32,2026-05-15 22:14:00
8,47,3,Bank of America,huntkristine@example.com,bd6962c75b73597a1888fae7c68174d00ce31d7c51382d54bf2c3187d12311e3,,2026-05-15 22:15:30,2026-05-15 22:12:55
9,74,1,GitHub,williamsmaria@example.org,b52ff21d1bd6f6aa31b15c0f76d3362e3b8fa3a0b9628c1e0964fa1a37739a53,Husband memory consider occur develop main.,2026-05-15 22:16:31,2026-05-15 22:14:25
10,10,2,Bank of America,tward@example.org,fed6f27266edbe82ad7a8dabbaea8c3f2704bd37a84b086d54ad2a2bf1398ddd,,2026-05-15 22:15:06,2026-05-15 22:14:28
11,25,2,Chase,davidmorris@example.com,ecb2856000685ad514087e9aad661f28581548cd9546a057790fa419822b60c1,Indicate between water cause voice.,2026-05-15 22:16:50,2026-05-15 22:12:13
12,100,4,GitHub,tsanchez@example.com,b60fccc19b7ef28ad999c582a5ff1e0fffbdb5e1e1066b73d8d28efa0cfc419d,,2026-05-15 22:17:34,2026-05-15 22:14:10
13,64,1,GitHub,alvaradonicole@example.org,a61624deb1f96130055c0235c1cb24b9712da140b7a3d609c03009aa1f98a99d,Moment science treat speak civil business.,2026-05-15 22:15:33,2026-05-15 22:12:07
14,58,3,Netflix,christophergilmore@example.net,c17e6fcab372fb7b01197eb7f02aba928b53afb2b1139c4096263f2b2d4df703,Term body third east recognize wife window.,2026-05-15 22:16:32,2026-05-15 22:13:48
15,88,3,Netflix,jeremy40@example.net,5dbc187e161202a8dd17c38296c81d6148b258be8e87384dd2a31bd1fd5049b6,Local doctor discuss form sort wear.,2026-05-15 22:17:35,2026-05-15 22:13:45
16,6,2,Amazon,james16@example.org,ba038a96a92fd5ab5778edd6efd42a4eed2e40dbda3d190511958212b0e0d2fd,,2026-05-15 22:17:37,2026-05-15 22:15:02
17,15,2,Chase,katrina37@example.net,bea1c47209da2693a586abcbea9981b9db4282c31fe0c790cc31d3c68dc0db0e,Ability research group power space.,2026-05-15 22:15:32,2026-05-15 22:12:35
18,37,2,Google,heathermorton@example.net,1815634282b2de13fefd8532187418b205a86056a9b3020bac0aaaf23dcd92d9,Represent owner them soldier newspaper dog.,2026-05-15 22:17:24,2026-05-15 22:13:17
19,79,4,Bank of America,sylvia53@example.com,b9ae13a8d6b898c059fdfb50bcb2667408c0533156d3f83f59e219890ce7b155,,2026-05-15 22:17:13,2026-05-15 22:14:59
20,68,3,LinkedIn,nguyenzachary@example.com,a7ce0eb75a2cdad52a8da1a32f4223dae3d91a7630506a8827032d66bbb1f7b1,,2026-05-15 22:17:42,2026-05-15 22:12:33
21,99,4,Facebook,andersonemily@example.com,451487f57ef66ca99a0a81964a1190127c853ab42d05cdc65a6b3c1f385da061,,2026-05-15 22:17:06,2026-05-15 22:14:24
22,1,1,GitHub,wavila@example.com,4c42acd0fc9aeec43597708f1e520165bafdb0bf2fbba0332b0dd23706416334,Deep eight perform real.,2026-05-15 22:16:58,2026-05-15 22:14:30
23,59,1,Chase,ricephilip@example.com,8fb1d1e65439c27fc42570158d4f1310042165207a649ef34b73015df4ea47c0,,2026-05-15 22:16:48,2026-05-15 22:13:28
24,59,1,Facebook,leah93@example.net,254ea32c5ff84604fb0d5fe838e9e6fb5dcbd7d9bfc49fd29f65565d28415b6e,,2026-05-15 22:17:38,2026-05-15 22:13:28
25,12,2,Chase,zdouglas@example.com,fd3c433af825ea4cb7cb078f2e3a5245f91ba48a7fa24cb0a205b3ac04c95b8c,,2026-05-15 22:15:21,2026-05-15 22:12:41
26,92,3,Chase,zjohnson@example.org,04762e30e9c6c3aa1bcc49f16f598e54c2994745366bfe760d0c0f1c1b2191f2,,2026-05-15 22:16:16,2026-05-15 22:14:35
27,63,2,Bank of America,bmcfarland@example.org,8b487f77e23cd08cb493170de9db772215e9451bab3937ebf3275c84439c5723,,2026-05-15 22:17:06,2026-05-15 22:15:00
28,38,2,Bank of America,destiny76@example.com,9485d1358373819bea5feb98f7b3aa54ca10f1baf6d7f8e50faa4fb56fc7de76,Can site such card wish degree task.,2026-05-15 22:15:13,2026-05-15 22:14:45
29,80,3,Bank of America,gonzalezpamela@example.org,08231e30217664d8f1dae5a05e25d0a755fc9e85033a09d69ab3609cd76d5d0c,,2026-05-15 22:16:41,2026-05-15 22:14:06
30,62,2,Amazon,ehale@example.com,7cb94a33ba02b7600aeaed60086c297e1c434e5690500de3174ff194e6838fc6,Dinner major all three modern father.,2026-05-15 22:15:21,2026-05-15 22:14:10
31,98,1,Netflix,bartlettmichael@example.org,104d5bf4a529a313bbcd51458fa8b41ea959ca5a5a00ba635cfa1e776c978814,,2026-05-15 22:15:18,2026-05-15 22:12:25
32,47,1,Facebook,georgenewton@example.com,e4f4d645df68633b8c3111edec83d40ffbfd56a94789678d984547f6669d4afc,,2026-05-15 22:18:05,2026-05-15 22:13:14
33,18,3,LinkedIn,christopherjames@example.org,ac3be6dc02fbc61cee284ab1b344d85c25764c04ef1eabc2026dbc4e75eb053f,How away force often begin.,2026-05-15 22:16:35,2026-05-15 22:13:22
34,100,1,LinkedIn,littleeric@example.com,e12e135868eb106e91c40161ab369c4d6cfa2c467f9d71fc807758a168142eff,Word again safe thought nice approach to.,2026-05-15 22:16:06,2026-05-15 22:13:05
35,26,4,Google,diazfred@example.org,a88ba0f7462b95385d370234aae4bb3a7a9172ffb9d4c0bf9f4a28bd5be93181,Audience like least model.,2026-05-15 22:17:31,2026-05-15 22:14:50
36,42,1,GitHub,angelawalker@example.com,e1db5883ff8abef18b553327a552696ff0c27064ab5d63778995c4a3a3b737da,View sit small market.,2026-05-15 22:16:19,2026-05-15 22:12:24
37,47,2,Chase,jose13@example.org,d8a92ea574e672d0329c7af0e6f78fc658fce7a6d195c37a065c3ba7dfbeb3d4,Create best pay kitchen project.,2026-05-15 22:17:30,2026-05-15 22:13:29
38,64,2,Netflix,lowemiranda@example.com,054f1ba5bf097af32d22771bc92173e482926c80a16b30cdc23592376d9c7403,Agreement training student among indeed fine different rise.,2026-05-15 22:16:10,2026-05-15 22:14:38
39,11,2,Bank of America,jessedavis@example.com,ba1d8a69642c7d34367c065a0b811a1520b067fcd6d715038d1fb1ae76fe6bd6,,2026-05-15 22:15:36,2026-05-15 22:12:21
40,74,4,LinkedIn,blopez@example.org,e03009214534f934ac7635c8f2492e4aa5bc626d262ce3e3b52f80c24e8c3c87,,2026-05-15 22:15:52,2026-05-15 22:13:55
41,15,3,Chase,gregory53@example.net,982b0ac6fd37507131673e200939a40fc1fb0c6f0ba47e7f696c21db5d22a0d9,Behind find director project heart simple.,2026-05-15 22:17:53,2026-05-15 22:13:31
42,16,3,LinkedIn,chrismejia@example.com,0d5fe99fee6018c9918ff8ce54f5903daa4c6b7e003d52c45db920c559157bca,Traditional interest nature wife case wonder.,2026-05-15 22:16:46,2026-05-15 22:14:21
43,47,4,Facebook,wgrant@example.org,cd2e198f6333f0a147c628a2ee3d445a4a0470b60887a1c5543aa1a87a533a62,Live particularly forward candidate.,2026-05-15 22:15:09,2026-05-15 22:12:23
44,79,2,GitHub,stephaniewoodward@example.com,89bd5c005dc4b24e1380e1c33852368bebf81c17288394b3c9fd64587e9884b1,Back enough lot last.,2026-05-15 22:16:43,2026-05-15 22:15:03
45,41,4,Netflix,mark92@example.com,7802141872ee2ae957ceacf71ff6e07bb4381f6bd6063609d99f39fe4d1539d1,,2026-05-15 22:17:07,2026-05-15 22:15:04
46,84,3,Amazon,patrickwade@example.net,e08543d73e331f37df404ec7c9351eda98ee1c6af2315f6c489fece73451ef67,,2026-05-15 22:15:22,2026-05-15 22:14:19
47,1,1,LinkedIn,brittanyroberts@example.net,d9de3f591b43fd360b7c9313fddf17385b46a3a995a60c95a9a9d5fa7d7ec910,,2026-05-15 22:17:14,2026-05-15 22:14:13
48,54,4,Amazon,allencarl@example.net,45225e60bde7d4421c199985a21e17ad95c930f26d92833c4c443f4a25d93569,,2026-05-15 22:15:26,2026-05-15 22:14:34
49,13,2,GitHub,maria16@example.net,42b5026d56dfbc3a56e05dba9e31840d44537675bdaf8e61bc8ed4451972d548,,2026-05-15 22:15:19,2026-05-15 22:14:26
50,61,3,Bank of America,zthompson@example.org,5049e97426791ef4a15e61d92c38554dcf54ba3f07848440ecc2b97e838fa460,,2026-05-15 22:16:00,2026-05-15 22:12:27
51,53,4,Chase,rickyharper@example.org,ae8b907714c9dd0e96504868a00366b91bc00b6578a7bb9b4dba17719a03bc96,Age nor there.,2026-05-15 22:17:02,2026-05-15 22:14:49
52,12,4,Chase,lsimmons@example.com,b5dbc66a87f70b931a78f9b4010a4773f5a34c41c1ff6bbe8714bd7cadbf816c,Short fine one television.,2026-05-15 22:16:08,2026-05-15 22:14:52
53,40,1,Facebook,millsmary@example.org,5690ed0a60f55e0137822b6aa6d950f370be6eec1ea799891957ce75c048bc95,Go hundred certain evening purpose our product effort.,2026-05-15 22:15:30,2026-05-15 22:13:16
54,85,2,Bank of America,wclark@example.net,e49080f667028f71c9d5791a7d9f9911ae0816254155b7696af5dbd6831b8518,,2026-05-15 22:15:56,2026-05-15 22:14:17
55,45,3,Netflix,morgan41@example.org,ef9038febf329705d35e279cafb563427aa1463822b814a26a641ed20f8d8278,,2026-05-15 22:15:47,2026-05-15 22:14:29
56,72,3,Amazon,ulong@example.org,525cbd8173d90a6c80723b216eb1617ec0f7c05efc8afdfb0abfe9577ed5f4d7,,2026-05-15 22:16:51,2026-05-15 22:13:02
57,62,2,Netflix,rebecca62@example.org,4e225167030aea6ee522341ee04ad9e062f3e23d1eaf4d570c61a6c2c65c0572,Number the character medical road only agent.,2026-05-15 22:17:54,2026-05-15 22:14:15
58,34,4,Facebook,rachel98@example.net,96956ae81406b44ee204d0618014f39eac57642d79dd5a533264079337442f1d,,2026-05-15 22:16:56,2026-05-15 22:13:35
59,36,4,Facebook,elizabethwilliams@example.net,1bf0ffab0e8e27571d26b0e563754d5d6e8f7e7caa6509ce84f82db5cf38ecea,Hit capital morning investment not smile huge.,2026-05-15 22:18:00,2026-05-15 22:12:42
60,39,4,Google,nicolejones@example.com,2aa01f6a11931b3b3dfe6527538a2b0214f09c317c523173af28e883c8af07b1,,2026-05-15 22:16:34,2026-05-15 22:14:34
61,33,4,Amazon,vancechristopher@example.org,fc62cbc76729eb1eb4d23388823244ab4b341e7e6e9bafd2bafb7f2bacb0df4c,,2026-05-15 22:17:02,2026-05-15 22:14:27
62,38,2,Netflix,uwalker@example.org,9fc00b6d6b65909e8ea6d2a292972265155402e89f2e46167d82bdd82f505444,,2026-05-15 22:15:22,2026-05-15 22:13:10
63,97,4,Google,carrdean@example.org,15d576f345b01c83c934c87d513f9166cf20e13daf57af1a1c1834751db21754,Continue camera near and spend write between.,2026-05-15 22:18:02,2026-05-15 22:14:57
64,83,3,Facebook,ericgarrett@example.org,b62458e3c88cf6be4e404d0ec23c7f9964f94c60e50016696118aa5a63eb879d,,2026-05-15 22:17:50,2026-05-15 22:14:55
65,96,3,Bank of America,jonathan06@example.com,ef933812752bf26ece3e6534bc29d16f651389cc3d5c2c1b40bcedb5cf0f8f90,,2026-05-15 22:15:39,2026-05-15 22:14:21
66,81,4,Facebook,william43@example.org,615254ac6a8ad0f5039a376d7489fdd0a4eef107422df20db6b886ac3de97438,Identify politics box city PM small.,2026-05-15 22:15:24,2026-05-15 22:14:47
67,68,4,Facebook,kristen71@example.net,85a33d825232f1e1a170bb69ee91f246cddceb227fd457a88a14a41fd8920174,History rate interest government table field.,2026-05-15 22:17:16,2026-05-15 22:14:20
68,54,2,Netflix,rachelpatton@example.net,eac92595c7a16273745587fbb0c443b13ed67d45a469e33daa42053081d9dab3,Subject without themselves.,2026-05-15 22:16:03,2026-05-15 22:13:31
69,88,1,Bank of America,singletonlinda@example.com,2d17787dd13946ee1c99a82a7e6bbd81d80bc7c6dd6ea2d1d8d456754745b666,,2026-05-15 22:17:58,2026-05-15 22:13:20
70,5,1,LinkedIn,wilsonlaura@example.org,0997f0120084a91bbcc1a27e63e7b528b4bed7d0c676500d21f54ce77fa9f536,,2026-05-15 22:15:25,2026-05-15 22:13:01
71,80,1,GitHub,hunter74@example.net,0a2d49f1ab8b2480cc0a142f234a63d4fbdae8bebb96ffd7dac710f15d4d1906,Tonight mother everybody affect management.,2026-05-15 22:16:47,2026-05-15 22:14:02
72,18,1,Google,qjohnston@example.net,2378a69ae31cacaf520c0da9caf88b2e1c4fe1af23083c8bdfab7ba85a108a25,Officer hand represent base population civil even.,2026-05-15 22:15:25,2026-05-15 22:13:16
73,57,4,Google,agonzalez@example.org,71f35c38b8d7179512c71df4bf96821912291627163f55b430f6b66c7b7bd742,,2026-05-15 22:17:21,2026-05-15 22:12:06
74,94,1,Bank of America,vickietorres@example.net,22f3e74413c9342fcd5be6fada5f8a7a1e81300468ed57add947b02bfcec1f31,,2026-05-15 22:16:16,2026-05-15 22:12:50
75,9,4,Google,madisonnichols@example.net,b83e6f968dbc587bd5906a9f495ef034e526bc037624c015cf5e457646caee4f,,2026-05-15 22:15:14,2026-05-15 22:12:33
76,23,2,Netflix,tandersen@example.net,834d0ce6749ef032b5fdb2831d13bfd9081e1d0d5e3b1ab9b11726408a435225,Serve feeling build.,2026-05-15 22:16:34,2026-05-15 22:14:17
77,27,3,Amazon,charles70@example.net,287b8daec26150cbf2d2a1b21bc8851837ba1da9d08f930a9b39f3970f177b8c,,2026-05-15 22:17:31,2026-05-15 22:14:32
78,80,1,Facebook,georgejennifer@example.com,c697ecfb62379da534095da4c925b48798871742b412db311aef05e32f4ebf12,,2026-05-15 22:16:58,2026-05-15 22:14:18
79,70,2,Bank of America,franciscowolf@example.org,6f797ac097a641aa29ccd511e28f411c53624837a3a4528885401dc51b263ff7,Art deep perhaps hundred start national.,2026-05-15 22:17:25,2026-05-15 22:14:42
80,10,2,Chase,andrew26@example.com,ec1b84de3e8e491e138644bf798ff5e704ea23a09189edaa331602fd65af24ea,,2026-05-15 22:15:32,2026-05-15 22:15:04
81,51,2,Netflix,adam64@example.net,c7a9e39f507aa55d23c16faf202bb0ea608f597122038b6d21a9a1065f5d078b,Ago major interview Democrat.,2026-05-15 22:16:02,2026-05-15 22:12:07
82,74,1,Google,patty91@example.net,2c074f8ac8a982c86431fd4e82db0ff581a46efb0ce4757f5d6d84de24eb8451,Expect fast letter lot.,2026-05-15 22:15:49,2026-05-15 22:14:34
83,29,2,GitHub,robert26@example.net,a92c7b266f02fd36b2634738a02cdb7b12527f479f362f9dda01dcd105f531e5,,2026-05-15 22:16:06,2026-05-15 22:12:54
84,13,2,Chase,phelpscharles@example.com,fb41da698cc578a404b175cae88157d01a413dc42ed0834c29a1c50c58770f79,,2026-05-15 22:16:23,2026-05-15 22:14:32
85,97,2,Amazon,catherinemcdonald@example.com,ef40170e2b3d7c1363724aeb3303e4997df6734dd8c4b6baf58c0b78c56b1040,,2026-05-15 22:17:19,2026-05-15 22:14:29
86,64,1,Google,vgibson@example.net,8cff33d76943d6a142f5be909dbff528c87bf8e72ab7fccf89e0fdf514623525,Hundred tend few provide ahead who.,2026-05-15 22:15:41,2026-05-15 22:13:59
87,14,2,Amazon,matthew92@example.org,b8e9ae0427266cde28f6324da097e2ca69e5a898e14996f692e4c31067dfbe09,,2026-05-15 22:16:36,2026-05-15 22:14:41
88,52,1,Netflix,olawrence@example.net,00bbe0495b7fc1c9dcf10021f5932bf1504d662da1e8c7798d41d97006fd39c6,Interest even fund hand walk another.,2026-05-15 22:15:59,2026-05-15 22:12:47
89,37,2,Netflix,lcarpenter@example.org,f0db6c338f6cd5bb2f5715fec565dd049b145b792b91982f2b792b1135f7860f,,2026-05-15 22:15:28,2026-05-15 22:13:59
90,3,1,Facebook,larry52@example.org,b287069806c0e66c5846468c1d1610784dcc0d06e674c090be9623330bd4b41f,Relate fund cause for something war.,2026-05-15 22:17:27,2026-05-15 22:12:49
91,52,1,Google,claudiacopeland@example.org,dfc29b79c74cb63ae7a8548a474207a8ecc2bc7635d5edc72a1a3a7973a5b49b,,2026-05-15 22:15:50,2026-05-15 22:13:12
92,79,1,Amazon,sarahreyes@example.org,66dd0b66ca47bfd416efe4a2d08b0dce21c81d9738b316f91b0087c348867c69,Leader worry girl young feeling attention all officer.,2026-05-15 22:15:24,2026-05-15 22:12:50
93,59,1,Bank of America,marcusmorse@example.org,5c8e7abdaef68b954d53d8dff2ec3ad3d01e91cdc8620fa0b087f88acd5cd7ae,Your serious majority special.,2026-05-15 22:15:32,2026-05-15 22:13:57
94,43,2,Amazon,meyerjeffrey@example.com,783b663aba52904db38ac1697550714b59c5c653bca2e48208e2387c04c6e878,Glass Mrs game leader.,2026-05-15 22:17:44,2026-05-15 22:15:05
95,15,4,Chase,kimberlyjohnson@example.org,dc79219417fd04f347bd58566e6ea04cc542db4c4859760a19eb5f37425783f7,State should second organization team.,2026-05-15 22:16:46,2026-05-15 22:13:40
96,34,1,Facebook,pennyhardy@example.net,2590b8ce9d535e675e1417062aa297c2317f7e2416031c6d92be608b525d1d1d,Picture plant power true then.,2026-05-15 22:16:30,2026-05-15 22:12:37
97,2,1,Amazon,erinarmstrong@example.org,0a5940422efa04e4051d8c2fde72bcb5d86856ed553b6bfb62bac9f3c31210dd,Want go decision order kind system building ten.,2026-05-15 22:15:26,2026-05-15 22:12:16
98,38,1,Chase,sarah10@example.org,a7af04aa878e7920cee5a8e6e233ba320814f093375990d3754054d675a9a574,,2026-05-15 22:17:10,2026-05-15 22:12:43
99,11,4,Bank of America,ozavala@example.com,6f0283d08e91eb08c3dd2a6bbc3b8a8013fde344127f16f21dfaa796c77e182c,Religious these word cause spend.,2026-05-15 22:18:01,2026-05-15 22:13:45
100,59,3,GitHub,ginahiggins@example.net,6b2a73f1d64d86da596d1df8a160fb4f04aa1c28e6c648fe2df4add789dfdf2c,Idea create general plan job sing.,2026-05-15 22:16:26,2026-05-15 22:14:53
